len,event,ts,id
1.0,Experience start,0,Christophe-validation-10637161.csv
0.4405000209808349,Debut conduite,18753,Christophe-validation-10637161.csv
0.156076431274414,Debut conduite,20044,Christophe-validation-10637161.csv
0.4315133094787597,Clignement,2044000,Christophe-validation-10637161.csv
3.4879877567291264,ActiviteM,2148250,Christophe-validation-10637161.csv
1.54599928855896,ActiviteM,2150002,Christophe-validation-10637161.csv
3.2955033779144287,Endormi,2226250,Christophe-validation-10637161.csv
3.51300048828125,C.Position,2230999,Christophe-validation-10637161.csv
3.632001161575317,Endormi,2278001,Christophe-validation-10637161.csv
3.455090045928955,ActiviteM,2278251,Christophe-validation-10637161.csv
1.0517778396606443,Clignement,2280002,Christophe-validation-10637161.csv
3.1440002918243413,ActiviteM,2322750,Christophe-validation-10637161.csv
1.9616708755493164,ActiviteM,2324257,Christophe-validation-10637161.csv
1.855499505996704,ActiviteM,2404251,Christophe-validation-10637161.csv
1.8319978713989256,Endormi,2520500,Christophe-validation-10637161.csv
2.1655938625335693,Clignement,2520754,Christophe-validation-10637161.csv
3.1919984817504883,Endormi,2527749,Christophe-validation-10637161.csv
1.6361525058746338,Clignement,2530756,Christophe-validation-10637161.csv
3.120497941970825,C.Position,2615000,Christophe-validation-10637161.csv
2.41599988937378,C.Position,2679000,Christophe-validation-10637161.csv
1.752000331878662,Endormi,2859455,Christophe-validation-10637161.csv
3.1958281993865967,ActiviteM,2859502,Christophe-validation-10637161.csv
4.582997798919678,Endormi,2883205,Christophe-validation-10637161.csv
4.6721062660217285,ActiviteM,2885002,Christophe-validation-10637161.csv
8.361061573028563,ActiviteM,2946500,Christophe-validation-10637161.csv
1.5995004177093506,ActiviteM,2949205,Christophe-validation-10637161.csv
2.0729951858520512,Endormi,2952455,Christophe-validation-10637161.csv
2.447998523712158,C.Position,2981205,Christophe-validation-10637161.csv
3.117997884750366,Endormi,2995205,Christophe-validation-10637161.csv
6.288001775741577,Endormi,3010455,Christophe-validation-10637161.csv
7.452008962631226,ActiviteM,3012000,Christophe-validation-10637161.csv
4.3045499324798575,Clignement,3012251,Christophe-validation-10637161.csv
1.9365010261535645,C.Position,3025456,Christophe-validation-10637161.csv
3.68742036819458,C.Position,3076500,Christophe-validation-10637161.csv
2.9679980278015137,ActiviteM,3080302,Christophe-validation-10637161.csv
2.727499723434448,Endormi,3136053,Christophe-validation-10637161.csv
1.6800003051757812,ActiviteM,3147804,Christophe-validation-10637161.csv
1.467007398605347,Clignement,3451552,Christophe-validation-10637161.csv
2.5844948291778564,Endormi,3460553,Christophe-validation-10637161.csv
1.423499345779419,ActiviteM,3508553,Christophe-validation-10637161.csv
2.8326191902160645,ActiviteM,3512001,Christophe-validation-10637161.csv
1.3725004196166992,ActiviteM,3512053,Christophe-validation-10637161.csv
3.809339761734009,ActiviteM,3523501,Christophe-validation-10637161.csv
2.216498851776123,Endormi,3523553,Christophe-validation-10637161.csv
1.257005214691162,Endormi,3530557,Christophe-validation-10637161.csv
0.8785126209259033,Endormi,3539556,Christophe-validation-10637161.csv
1.9610018730163568,Endormi,3579052,Christophe-validation-10637161.csv
1.5224990844726562,ActiviteM,3627552,Christophe-validation-10637161.csv
2.880573511123657,Endormi,3630803,Christophe-validation-10637161.csv
1.5368895530700684,ActiviteM,3632001,Christophe-validation-10637161.csv
1.7365007400512695,C.Position,3645802,Christophe-validation-10637161.csv
0.1456384658813476,Fin Experience,3689257,Christophe-validation-10637161.csv
0.6959984302520752,Fin Conduite,3696052,Christophe-validation-10637161.csv
1.0,Experience start,0,Zakaria-validation-10636219.csv
0.1298222541809082,Debut conduite,14529,Zakaria-validation-10636219.csv
2.526681423187256,C.Position,2599160,Zakaria-validation-10636219.csv
0.6466000080108643,Fin expérience,3666529,Zakaria-validation-10636219.csv
1.0,Experience start,0,Zakaria-validation-10637921.csv
0.1011145114898681,Debut conduite,12501,Zakaria-validation-10637921.csv
1.6924667358398438,C.Position,407499,Zakaria-validation-10637921.csv
3.209604024887085,C.Position,496500,Zakaria-validation-10637921.csv
4.013456583023071,Endormi,794749,Zakaria-validation-10637921.csv
5.211753129959106,Baillements,1155250,Zakaria-validation-10637921.csv
1.919703245162964,C.Position,1210255,Zakaria-validation-10637921.csv
0.906419038772583,Baillements,1345251,Zakaria-validation-10637921.csv
3.9387500286102295,ActiviteM,1413751,Zakaria-validation-10637921.csv
2.90594482421875,ActiviteM,1423750,Zakaria-validation-10637921.csv
1.621166467666626,C.Position,1497000,Zakaria-validation-10637921.csv
0.6937546730041504,C.Position,1554254,Zakaria-validation-10637921.csv
0.7259697914123535,C.Position,1595503,Zakaria-validation-10637921.csv
6.600994348526001,ActiviteM,1750000,Zakaria-validation-10637921.csv
0.8380122184753418,C.Position,1764501,Zakaria-validation-10637921.csv
0.7828280925750732,C.Position,1969999,Zakaria-validation-10637921.csv
4.452042579650879,ActiviteM,2144251,Zakaria-validation-10637921.csv
4.065499782562257,Endormi,2145001,Zakaria-validation-10637921.csv
2.3692567348480225,C.Position,2167500,Zakaria-validation-10637921.csv
1.3212578296661377,C.Position,2197750,Zakaria-validation-10637921.csv
5.028583288192749,Clignement,2241001,Zakaria-validation-10637921.csv
5.6708946228027335,Clignement,2248259,Zakaria-validation-10637921.csv
0.6267797946929932,ActiviteM,2282001,Zakaria-validation-10637921.csv
3.3329734802246094,Clignement,2337501,Zakaria-validation-10637921.csv
0.7735874652862549,ActiviteM,2339749,Zakaria-validation-10637921.csv
3.03541898727417,ActiviteM,2343501,Zakaria-validation-10637921.csv
1.802145957946777,Clignement,2358251,Zakaria-validation-10637921.csv
2.3123269081115723,ActiviteM,2361750,Zakaria-validation-10637921.csv
3.8496472835540767,ActiviteM,2365753,Zakaria-validation-10637921.csv
2.47842788696289,C.Position,2393755,Zakaria-validation-10637921.csv
1.7899975776672363,C.Position,2405503,Zakaria-validation-10637921.csv
1.3411681652069092,C.Position,2474503,Zakaria-validation-10637921.csv
1.77339768409729,ActiviteM,2514503,Zakaria-validation-10637921.csv
1.727001667022705,C.Position,2537755,Zakaria-validation-10637921.csv
2.1047933101654053,C.Position,2563755,Zakaria-validation-10637921.csv
3.809794425964357,ActiviteM,2581500,Zakaria-validation-10637921.csv
9.040233612060549,Accident,2608750,Zakaria-validation-10637921.csv
2.9545185565948486,Endormi,2609253,Zakaria-validation-10637921.csv
2.8662121295928955,Accident,2618001,Zakaria-validation-10637921.csv
0.7967550754547119,C.Position,2845505,Zakaria-validation-10637921.csv
1.0583462715148926,C.Position,2895253,Zakaria-validation-10637921.csv
0.8696248531341553,ActiviteM,3266253,Zakaria-validation-10637921.csv
2.1393485069274902,ActiviteM,3380505,Zakaria-validation-10637921.csv
0.9274957180023192,C.Position,3481761,Zakaria-validation-10637921.csv
2.178377628326416,Fin expérience,3659001,Zakaria-validation-10637921.csv
1.0,Experience start,0,baptiste-validation-10517007.csv
1.6795690059661863,Debut conduite,11200,baptiste-validation-10517007.csv
0.1742656230926513,Debut conduite,13115,baptiste-validation-10517007.csv
5.096395492553711,Baillements,170368,baptiste-validation-10517007.csv
2.0729191303253174,Baillements,220544,baptiste-validation-10517007.csv
4.032709836959839,Baillements,259200,baptiste-validation-10517007.csv
5.41834020614624,Baillements,314348,baptiste-validation-10517007.csv
4.488870859146118,Baillements,314947,baptiste-validation-10517007.csv
2.580986976623535,Baillements,397549,baptiste-validation-10517007.csv
2.079596996307373,Baillements,448215,baptiste-validation-10517007.csv
3.144455671310425,Baillements,448576,baptiste-validation-10517007.csv
4.5750651359558105,Baillements,482560,baptiste-validation-10517007.csv
3.707910537719727,Baillements,483480,baptiste-validation-10517007.csv
3.736207962036133,ActiviteM,534679,baptiste-validation-10517007.csv
2.968513965606689,ActiviteM,568001,baptiste-validation-10517007.csv
4.583666801452637,C.Position,589632,baptiste-validation-10517007.csv
8.023703813552856,Baillements,597142,baptiste-validation-10517007.csv
2.5843913555145264,Baillements,602149,baptiste-validation-10517007.csv
1.520540714263916,C.Position,610774,baptiste-validation-10517007.csv
1.2158141136169434,Clignement,660268,baptiste-validation-10517007.csv
3.408697366714477,ActiviteM,666071,baptiste-validation-10517007.csv
3.1844179630279537,C.Position,675882,baptiste-validation-10517007.csv
4.368014335632323,Baillements,690582,baptiste-validation-10517007.csv
3.7244472503662114,Baillements,691969,baptiste-validation-10517007.csv
4.679677248001099,ActiviteM,714603,baptiste-validation-10517007.csv
2.726901292800904,Endormi,724481,baptiste-validation-10517007.csv
4.599568605422974,Accident,726444,baptiste-validation-10517007.csv
2.05652403831482,Baillements,751043,baptiste-validation-10517007.csv
2.778074026107788,Baillements,754114,baptiste-validation-10517007.csv
1.9601249694824217,Clignement,781164,baptiste-validation-10517007.csv
3.560122013092041,Endormi,785916,baptiste-validation-10517007.csv
4.775384902954102,ActiviteM,842667,baptiste-validation-10517007.csv
4.191386699676514,ActiviteM,856452,baptiste-validation-10517007.csv
1.2081305980682373,Endormi,858415,baptiste-validation-10517007.csv
3.4234507083892822,ActiviteM,862887,baptiste-validation-10517007.csv
2.5676028728485107,Endormi,863638,baptiste-validation-10517007.csv
5.092756509780884,ActiviteM,868100,baptiste-validation-10517007.csv
1.4479453563690186,Endormi,869078,baptiste-validation-10517007.csv
6.135871171951294,Endormi,873643,baptiste-validation-10517007.csv
6.138702869415282,ActiviteM,874946,baptiste-validation-10517007.csv
3.359971761703491,ActiviteM,940544,baptiste-validation-10517007.csv
3.2316033840179443,Endormi,948182,baptiste-validation-10517007.csv
2.432553768157959,ActiviteM,952301,baptiste-validation-10517007.csv
2.8647246360778813,ActiviteM,965417,baptiste-validation-10517007.csv
1.0562078952789309,Endormi,967916,baptiste-validation-10517007.csv
2.365596055984497,ActiviteM,976002,baptiste-validation-10517007.csv
1.5207645893096924,Endormi,980485,baptiste-validation-10517007.csv
3.3798718452453613,ActiviteM,981082,baptiste-validation-10517007.csv
1.358450412750244,ActiviteM,986967,baptiste-validation-10517007.csv
1.0778157711029053,ActiviteM,987947,baptiste-validation-10517007.csv
0.8476104736328125,Endormi,989782,baptiste-validation-10517007.csv
3.211859226226806,ActiviteM,994134,baptiste-validation-10517007.csv
6.240977764129639,Endormi,1007595,baptiste-validation-10517007.csv
3.513742685317993,ActiviteM,1010450,baptiste-validation-10517007.csv
1.863747835159301,Endormi,1015936,baptiste-validation-10517007.csv
3.961148500442505,ActiviteM,1023250,baptiste-validation-10517007.csv
1.2401974201202393,Endormi,1025150,baptiste-validation-10517007.csv
2.6234633922576904,Endormi,1028545,baptiste-validation-10517007.csv
7.446560859680176,ActiviteM,1029399,baptiste-validation-10517007.csv
14.779183626174929,Endormi,1039211,baptiste-validation-10517007.csv
2.3844542503356934,Endormi,1044648,baptiste-validation-10517007.csv
1.767798900604248,Endormi,1056812,baptiste-validation-10517007.csv
4.903892993927002,ActiviteM,1060267,baptiste-validation-10517007.csv
4.771812915802002,Accident,1066902,baptiste-validation-10517007.csv
6.477588891983032,Accident,1076864,baptiste-validation-10517007.csv
1.3119847774505615,Endormi,1079511,baptiste-validation-10517007.csv
3.727739810943604,C.Position,1118678,baptiste-validation-10517007.csv
0.7200813293457031,C.Position,1122477,baptiste-validation-10517007.csv
6.1922550201416025,Endormi,1149377,baptiste-validation-10517007.csv
5.0265634059906015,ActiviteM,1153579,baptiste-validation-10517007.csv
6.488947868347168,Endormi,1156649,baptiste-validation-10517007.csv
4.014890909194946,Accident,1160108,baptiste-validation-10517007.csv
7.082540035247803,Endormi,1170347,baptiste-validation-10517007.csv
4.3847177028656015,Endormi,1172115,baptiste-validation-10517007.csv
6.952252626419067,ActiviteM,1194368,baptiste-validation-10517007.csv
6.200003862380981,Endormi,1194582,baptiste-validation-10517007.csv
4.920002222061157,Endormi,1205649,baptiste-validation-10517007.csv
3.344800472259521,Accident,1206954,baptiste-validation-10517007.csv
1.7428383827209473,ActiviteM,1218947,baptiste-validation-10517007.csv
5.392000198364258,Endormi,1234646,baptiste-validation-10517007.csv
4.553654193878174,ActiviteM,1241604,baptiste-validation-10517007.csv
1.1434950828552246,Endormi,1244376,baptiste-validation-10517007.csv
6.65704345703125,ActiviteM,1420247,baptiste-validation-10517007.csv
6.311497926712036,Endormi,1429870,baptiste-validation-10517007.csv
7.0107173919677725,Accident,1430379,baptiste-validation-10517007.csv
2.128000497817993,Endormi,1457709,baptiste-validation-10517007.csv
2.2246739864349365,ActiviteM,1460631,baptiste-validation-10517007.csv
2.09228515625,ActiviteM,1465048,baptiste-validation-10517007.csv
0.7754917144775391,C.Position,1476210,baptiste-validation-10517007.csv
1.2320008277893066,ActiviteM,1586073,baptiste-validation-10517007.csv
4.1120028495788565,ActiviteM,1589870,baptiste-validation-10517007.csv
1.152503252029419,Endormi,1600342,baptiste-validation-10517007.csv
5.024001598358153,Endormi,1604762,baptiste-validation-10517007.csv
4.699172258377075,ActiviteM,1606934,baptiste-validation-10517007.csv
1.3345763683319092,C.Position,1615875,baptiste-validation-10517007.csv
1.7275047302246094,Baillements,1648847,baptiste-validation-10517007.csv
3.046229839324951,Baillements,1651282,baptiste-validation-10517007.csv
4.992000818252564,ActiviteM,1684641,baptiste-validation-10517007.csv
3.8165791034698486,Clignement,1694144,baptiste-validation-10517007.csv
4.231399059295653,ActiviteM,1721344,baptiste-validation-10517007.csv
3.2364821434021,Endormi,1722309,baptiste-validation-10517007.csv
2.34951114654541,Endormi,1727562,baptiste-validation-10517007.csv
2.1648073196411133,ActiviteM,1728534,baptiste-validation-10517007.csv
3.680499792098999,Endormi,1731425,baptiste-validation-10517007.csv
2.620718240737915,ActiviteM,1738135,baptiste-validation-10517007.csv
3.799499988555908,Endormi,1738910,baptiste-validation-10517007.csv
4.95022988319397,Endormi,1744001,baptiste-validation-10517007.csv
4.069143533706665,ActiviteM,1751040,baptiste-validation-10517007.csv
0.9119997024536132,Endormi,1753975,baptiste-validation-10517007.csv
6.82053804397583,ActiviteM,1757142,baptiste-validation-10517007.csv
1.141488552093506,Endormi,1760438,baptiste-validation-10517007.csv
3.779191493988037,Accident,1765696,baptiste-validation-10517007.csv
2.7920000553131104,Endormi,1774838,baptiste-validation-10517007.csv
2.049801588058472,ActiviteM,1778668,baptiste-validation-10517007.csv
2.937882661819458,ActiviteM,1782400,baptiste-validation-10517007.csv
2.0480010509490967,Endormi,1788442,baptiste-validation-10517007.csv
0.8559999465942383,Accident,1792757,baptiste-validation-10517007.csv
1.1335017681121826,ActiviteM,1834170,baptiste-validation-10517007.csv
1.3982319831848145,Clignement,1839446,baptiste-validation-10517007.csv
1.5759851932525637,Endormi,1841208,baptiste-validation-10517007.csv
2.601867437362671,ActiviteM,1844012,baptiste-validation-10517007.csv
0.9600005149841307,Accident,1847008,baptiste-validation-10517007.csv
2.1275010108947754,Baillements,1878844,baptiste-validation-10517007.csv
1.2991390228271484,Baillements,1884011,baptiste-validation-10517007.csv
1.7040002346038818,Endormi,1932427,baptiste-validation-10517007.csv
8.205844163894652,Accident,1938983,baptiste-validation-10517007.csv
1.9039905071258545,Endormi,1942136,baptiste-validation-10517007.csv
2.6166563034057617,Baillements,1972427,baptiste-validation-10517007.csv
5.260936737060547,ActiviteM,2089536,baptiste-validation-10517007.csv
6.095998048782349,Baillements,2112910,baptiste-validation-10517007.csv
4.267313718795776,Baillements,2114071,baptiste-validation-10517007.csv
13.472388505935667,Endormi,2251275,baptiste-validation-10517007.csv
3.763537883758545,ActiviteM,2259516,baptiste-validation-10517007.csv
6.463824510574341,Endormi,2265271,baptiste-validation-10517007.csv
3.004918098449707,ActiviteM,2267030,baptiste-validation-10517007.csv
3.9353532791137695,Baillements,2623409,baptiste-validation-10517007.csv
3.3982298374176025,Baillements,2625879,baptiste-validation-10517007.csv
2.4963552951812744,C.Position,2641977,baptiste-validation-10517007.csv
3.424342393875122,C.Position,2687324,baptiste-validation-10517007.csv
2.4750778675079346,Baillements,2725675,baptiste-validation-10517007.csv
2.784869909286499,ActiviteM,2847069,baptiste-validation-10517007.csv
1.2072298526763916,Endormi,2861554,baptiste-validation-10517007.csv
3.696499586105346,ActiviteM,2867571,baptiste-validation-10517007.csv
2.343713521957397,C.Position,2880306,baptiste-validation-10517007.csv
0.983102560043335,C.Position,2905737,baptiste-validation-10517007.csv
2.84761643409729,ActiviteM,2925597,baptiste-validation-10517007.csv
1.0877466201782229,ActiviteM,2933878,baptiste-validation-10517007.csv
4.773743152618408,ActiviteM,2955436,baptiste-validation-10517007.csv
1.0957951545715332,Endormi,2957299,baptiste-validation-10517007.csv
3.233870506286621,ActiviteM,2963671,baptiste-validation-10517007.csv
1.159670352935791,Endormi,2965344,baptiste-validation-10517007.csv
2.606385469436645,Baillements,3032172,baptiste-validation-10517007.csv
1.600555181503296,Baillements,3186931,baptiste-validation-10517007.csv
1.0319979190826416,C.Position,3388641,baptiste-validation-10517007.csv
2.0160367488861084,Fin Experience,3696279,baptiste-validation-10517007.csv
1.0,Experience start,0,Zakaria-validation-10517001.csv
1.1599924564361572,Baillements,641750,Zakaria-validation-10517001.csv
0.6302492618560791,Grattezrottez,840500,Zakaria-validation-10517001.csv
0.5020921230316162,Baillements,1178253,Zakaria-validation-10517001.csv
0.3499953746795654,Clignement,2159000,Zakaria-validation-10517001.csv
1.1548099517822266,Grattezrottez,2353502,Zakaria-validation-10517001.csv
0.550194501876831,Clignement,2519999,Zakaria-validation-10517001.csv
0.8681049346923828,Baillements,3433499,Zakaria-validation-10517001.csv
0.4301490783691406,Baillements,3513749,Zakaria-validation-10517001.csv
0.1091244220733642,Fin Experience,3591501,Zakaria-validation-10517001.csv
1.0,Experience start,0,Zakaria-validation-10638803.csv
0.1068201065063476,Debut conduite,24751,Zakaria-validation-10638803.csv
0.1248402595520019,Debut conduite,24785,Zakaria-validation-10638803.csv
0.1322989463806152,C.Position,801752,Zakaria-validation-10638803.csv
0.1661617755889892,Baillements,890254,Zakaria-validation-10638803.csv
0.0988662242889404,Baillements,907251,Zakaria-validation-10638803.csv
2.4120492935180664,Baillements,943999,Zakaria-validation-10638803.csv
0.1553270816802978,Baillements,944507,Zakaria-validation-10638803.csv
0.1529605388641357,Baillements,1045002,Zakaria-validation-10638803.csv
0.13554048538208,Baillements,1084004,Zakaria-validation-10638803.csv
3.823127269744873,C.Position,1101751,Zakaria-validation-10638803.csv
0.1571130752563476,C.Position,1108501,Zakaria-validation-10638803.csv
0.1593155860900879,Baillements,1137258,Zakaria-validation-10638803.csv
1.3990089893341064,C.Position,1150258,Zakaria-validation-10638803.csv
2.439687490463257,Baillements,1193251,Zakaria-validation-10638803.csv
1.9981098175048828,Baillements,1194505,Zakaria-validation-10638803.csv
1.6212060451507568,Baillements,1229251,Zakaria-validation-10638803.csv
4.438304424285889,C.Position,1316752,Zakaria-validation-10638803.csv
3.311346530914306,Baillements,1384003,Zakaria-validation-10638803.csv
3.4323480129241943,C.Position,1420752,Zakaria-validation-10638803.csv
1.8444688320159912,Baillements,1428003,Zakaria-validation-10638803.csv
2.9739139080047607,Baillements,1455754,Zakaria-validation-10638803.csv
3.816603660583496,Baillements,1503003,Zakaria-validation-10638803.csv
2.0333051681518555,C.Position,1557000,Zakaria-validation-10638803.csv
0.7325587272644043,C.Position,1558753,Zakaria-validation-10638803.csv
4.017501592636108,Baillements,1565502,Zakaria-validation-10638803.csv
0.9371724128723145,Baillements,1566751,Zakaria-validation-10638803.csv
1.7274627685546875,Baillements,1651252,Zakaria-validation-10638803.csv
2.1034588813781743,Baillements,1697752,Zakaria-validation-10638803.csv
0.6224994659423828,Baillements,1698502,Zakaria-validation-10638803.csv
3.24387264251709,Baillements,1727505,Zakaria-validation-10638803.csv
0.5262868404388428,Baillements,1729754,Zakaria-validation-10638803.csv
5.6740567684173575,Baillements,1756750,Zakaria-validation-10638803.csv
0.5642104148864746,Baillements,1762502,Zakaria-validation-10638803.csv
4.520154476165772,Clignement,1765003,Zakaria-validation-10638803.csv
3.749723672866821,Baillements,1797756,Zakaria-validation-10638803.csv
3.4446141719818115,Baillements,1849250,Zakaria-validation-10638803.csv
1.030801773071289,Baillements,1849505,Zakaria-validation-10638803.csv
3.2506096363067627,Baillements,1894252,Zakaria-validation-10638803.csv
0.8995001316070557,Baillements,1895256,Zakaria-validation-10638803.csv
5.514346361160278,Baillements,2028500,Zakaria-validation-10638803.csv
0.8531992435455322,Baillements,2031505,Zakaria-validation-10638803.csv
2.834904193878174,Clignement,2034755,Zakaria-validation-10638803.csv
4.789796352386475,Baillements,2081754,Zakaria-validation-10638803.csv
3.1196308135986333,Baillements,2117756,Zakaria-validation-10638803.csv
3.9439547061920166,Baillements,2160000,Zakaria-validation-10638803.csv
1.6529283523559568,Baillements,2160253,Zakaria-validation-10638803.csv
2.9563000202178955,Baillements,2196502,Zakaria-validation-10638803.csv
1.245918035507202,Baillements,2196505,Zakaria-validation-10638803.csv
0.7286357879638672,C.Position,2229505,Zakaria-validation-10638803.csv
3.5237271785736084,Baillements,2236251,Zakaria-validation-10638803.csv
1.016998291015625,Baillements,2236253,Zakaria-validation-10638803.csv
3.33070707321167,Baillements,2301250,Zakaria-validation-10638803.csv
1.7723572254180908,Baillements,2301253,Zakaria-validation-10638803.csv
5.274608373641968,C.Position,2326250,Zakaria-validation-10638803.csv
3.0211243629455566,Baillements,2346751,Zakaria-validation-10638803.csv
1.0220010280609129,Baillements,2408755,Zakaria-validation-10638803.csv
2.8669910430908203,Baillements,2410753,Zakaria-validation-10638803.csv
0.8017551898956299,Baillements,2473755,Zakaria-validation-10638803.csv
1.9543662071228027,Baillements,2474500,Zakaria-validation-10638803.csv
2.4536564350128174,C.Position,2486251,Zakaria-validation-10638803.csv
3.835208177566528,Baillements,2525505,Zakaria-validation-10638803.csv
3.3870561122894287,Baillements,2567253,Zakaria-validation-10638803.csv
3.485672235488892,Baillements,2572503,Zakaria-validation-10638803.csv
3.9413640499114986,C.Position,2589758,Zakaria-validation-10638803.csv
4.356942415237427,Baillements,2609004,Zakaria-validation-10638803.csv
4.620062589645387,Baillements,2611502,Zakaria-validation-10638803.csv
3.6980950832366943,Baillements,2620252,Zakaria-validation-10638803.csv
1.986843824386597,Baillements,2653500,Zakaria-validation-10638803.csv
2.597865343093872,Baillements,2662502,Zakaria-validation-10638803.csv
0.8993451595306396,Baillements,2663506,Zakaria-validation-10638803.csv
1.0592663288116455,Baillements,2770500,Zakaria-validation-10638803.csv
2.5499932765960693,Baillements,2770999,Zakaria-validation-10638803.csv
2.0434212684631348,C.Position,2772502,Zakaria-validation-10638803.csv
1.2882847785949707,C.Position,2791000,Zakaria-validation-10638803.csv
2.9972248077392583,Baillements,2848752,Zakaria-validation-10638803.csv
0.8592629432678223,Baillements,2848754,Zakaria-validation-10638803.csv
1.1528728008270264,C.Position,2876252,Zakaria-validation-10638803.csv
3.612293720245361,Baillements,2904502,Zakaria-validation-10638803.csv
2.731329679489136,Baillements,2910255,Zakaria-validation-10638803.csv
0.5008809566497803,Grattezrottez,2925002,Zakaria-validation-10638803.csv
4.7048513889312735,C.Position,2971750,Zakaria-validation-10638803.csv
2.927411794662476,C.Position,3013256,Zakaria-validation-10638803.csv
9.546096324920654,Clignement,3413753,Zakaria-validation-10638803.csv
2.370678186416626,Clignement,3418501,Zakaria-validation-10638803.csv
1.6787850856781006,C.Position,3422001,Zakaria-validation-10638803.csv
2.5607352256774902,ActiviteM,3430750,Zakaria-validation-10638803.csv
6.580067157745361,Clignement,3440253,Zakaria-validation-10638803.csv
6.87524938583374,Clignement,3465752,Zakaria-validation-10638803.csv
2.0208275318145748,C.Position,3487000,Zakaria-validation-10638803.csv
2.7076494693756104,C.Position,3487754,Zakaria-validation-10638803.csv
0.3581280708312988,C.Position,3542001,Zakaria-validation-10638803.csv
5.488691806793213,Baillements,3562250,Zakaria-validation-10638803.csv
8.304843187332152,Baillements,3659251,Zakaria-validation-10638803.csv
0.1539852619171142,Fin Experience,3685005,Zakaria-validation-10638803.csv
7.815995454788207,Baillements,3689999,Zakaria-validation-10638803.csv
1.0,Experience start,0,Zakaria-validation-11105482.csv
0.1794238090515136,Debut conduite,14966,Zakaria-validation-11105482.csv
1.7983925342559814,C.Position,379968,Zakaria-validation-11105482.csv
5.065468072891235,Baillements,662966,Zakaria-validation-11105482.csv
4.6025822162628165,Clignement,667969,Zakaria-validation-11105482.csv
5.609567642211914,Baillements,803966,Zakaria-validation-11105482.csv
6.076948881149293,Baillements,885220,Zakaria-validation-11105482.csv
0.8101153373718262,C.Position,910967,Zakaria-validation-11105482.csv
6.694671392440796,Baillements,1014720,Zakaria-validation-11105482.csv
1.0321881771087646,Baillements,1017467,Zakaria-validation-11105482.csv
1.686270236968994,C.Position,1265216,Zakaria-validation-11105482.csv
0.4457085132598877,C.Position,1278719,Zakaria-validation-11105482.csv
0.4408249855041504,Grattezrottez,1372469,Zakaria-validation-11105482.csv
0.4117786884307861,C.Position,1577971,Zakaria-validation-11105482.csv
3.630056142807007,Baillements,1613717,Zakaria-validation-11105482.csv
0.9808337688446044,Baillements,1615220,Zakaria-validation-11105482.csv
0.4576845169067383,Grattezrottez,1633220,Zakaria-validation-11105482.csv
5.892900943756104,Baillements,1688469,Zakaria-validation-11105482.csv
1.86214566230774,Baillements,1688965,Zakaria-validation-11105482.csv
0.1129066944122314,C.Position,1719219,Zakaria-validation-11105482.csv
0.7500712871551514,C.Position,1719220,Zakaria-validation-11105482.csv
5.2547829151153564,Baillements,1743717,Zakaria-validation-11105482.csv
1.3620128631591797,Baillements,1744971,Zakaria-validation-11105482.csv
6.741364240646362,Baillements,2102465,Zakaria-validation-11105482.csv
0.7145609855651855,Baillements,2106217,Zakaria-validation-11105482.csv
5.729841232299805,Baillements,2253217,Zakaria-validation-11105482.csv
8.161776304244995,Baillements,2351719,Zakaria-validation-11105482.csv
2.474976062774658,Baillements,2356717,Zakaria-validation-11105482.csv
7.315861225128174,Baillements,2411221,Zakaria-validation-11105482.csv
4.363978862762451,Baillements,2483969,Zakaria-validation-11105482.csv
1.994534254074097,Baillements,2484718,Zakaria-validation-11105482.csv
0.1098856925964355,C.Position,2496717,Zakaria-validation-11105482.csv
5.064228296279907,Clignement,2615468,Zakaria-validation-11105482.csv
4.5995965003967285,Baillements,2653467,Zakaria-validation-11105482.csv
6.141843795776367,Baillements,2807719,Zakaria-validation-11105482.csv
0.8373239040374756,Grattezrottez,3023477,Zakaria-validation-11105482.csv
0.1153621673583984,Fin Experience,3675969,Zakaria-validation-11105482.csv
1.0,Experience start,0,Zakaria-validation-11103913.csv
0.1823749542236328,Debut conduite,6744,Zakaria-validation-11103913.csv
0.1557497978210449,Debut conduite,11497,Zakaria-validation-11103913.csv
4.269540786743163,C.Position,360496,Zakaria-validation-11103913.csv
2.5371785163879395,C.Position,1173494,Zakaria-validation-11103913.csv
2.1915655136108403,C.Position,1847744,Zakaria-validation-11103913.csv
3.1848509311676025,C.Position,2088746,Zakaria-validation-11103913.csv
6.222004652023315,C.Position,2328996,Zakaria-validation-11103913.csv
4.638295412063599,C.Position,2581495,Zakaria-validation-11103913.csv
3.3398897647857666,C.Position,2582244,Zakaria-validation-11103913.csv
1.226168870925903,Clignement,2706998,Zakaria-validation-11103913.csv
1.3037090301513672,Clignement,2708998,Zakaria-validation-11103913.csv
3.962697505950928,C.Position,2824246,Zakaria-validation-11103913.csv
0.134052038192749,Fin Experience,3615497,Zakaria-validation-11103913.csv
0.6730458736419678,Debut conduite,6497,Christophe-10634449.csv
2.9835004806518555,C.Position,835245,Christophe-10634449.csv
0.5756323337554932,C.Position,1145495,Christophe-10634449.csv
3.2640902996063232,C.Position,1153745,Christophe-10634449.csv
1.474372386932373,C.Position,1154497,Christophe-10634449.csv
0.791975736618042,C.Position,1166744,Christophe-10634449.csv
2.7895421981811523,Baillements,1219505,Christophe-10634449.csv
3.640374422073364,Baillements,1219995,Christophe-10634449.csv
2.255114793777466,C.Position,1274994,Christophe-10634449.csv
3.856237411499024,Baillements,1307495,Christophe-10634449.csv
2.345639705657959,Baillements,1308247,Christophe-10634449.csv
4.615782976150513,Baillements,1343745,Christophe-10634449.csv
4.09537672996521,Baillements,1343748,Christophe-10634449.csv
0.5689253807067871,C.Position,1364000,Christophe-10634449.csv
2.4769349098205566,C.Position,1380750,Christophe-10634449.csv
1.5438053607940674,C.Position,1381745,Christophe-10634449.csv
6.528892993927003,Baillements,1408497,Christophe-10634449.csv
3.927262306213379,Baillements,1411745,Christophe-10634449.csv
0.950852394104004,C.Position,1453248,Christophe-10634449.csv
3.2079584598541264,Baillements,1457995,Christophe-10634449.csv
2.845988273620605,Baillements,1458248,Christophe-10634449.csv
1.0335774421691897,C.Position,1483750,Christophe-10634449.csv
4.736534833908081,Baillements,1496745,Christophe-10634449.csv
2.1284067630767822,Baillements,1497498,Christophe-10634449.csv
0.6012415885925293,C.Position,1529499,Christophe-10634449.csv
1.2078166007995603,C.Position,1539995,Christophe-10634449.csv
4.823584318161012,Baillements,1548995,Christophe-10634449.csv
2.387317419052124,Baillements,1549000,Christophe-10634449.csv
2.1676628589630127,C.Position,1571496,Christophe-10634449.csv
1.8144679069519043,C.Position,1571996,Christophe-10634449.csv
1.574251413345337,C.Position,1585249,Christophe-10634449.csv
4.5240118503570566,Baillements,1591746,Christophe-10634449.csv
3.178073644638061,C.Position,1625749,Christophe-10634449.csv
4.887969255447388,Baillements,1642245,Christophe-10634449.csv
2.9702961444854736,Baillements,1643499,Christophe-10634449.csv
1.0701673030853271,C.Position,1663495,Christophe-10634449.csv
1.4243648052215576,C.Position,1678745,Christophe-10634449.csv
4.272215127944946,Baillements,1710495,Christophe-10634449.csv
2.0333800315856934,Baillements,1712247,Christophe-10634449.csv
5.3438990116119385,Baillements,1740745,Christophe-10634449.csv
4.112495183944701,Baillements,1741496,Christophe-10634449.csv
3.823551416397095,Baillements,1823745,Christophe-10634449.csv
2.531306505203247,Baillements,1824498,Christophe-10634449.csv
3.270573377609253,C.Position,1829746,Christophe-10634449.csv
2.7750914096832275,C.Position,1830495,Christophe-10634449.csv
1.4243209362030032,C.Position,1861745,Christophe-10634449.csv
1.317986249923706,C.Position,1861752,Christophe-10634449.csv
0.6957807540893555,C.Position,1866996,Christophe-10634449.csv
1.019927740097046,C.Position,1867500,Christophe-10634449.csv
6.019904851913452,Baillements,1888245,Christophe-10634449.csv
5.463775396347046,Baillements,1888495,Christophe-10634449.csv
2.875391960144043,C.Position,1907744,Christophe-10634449.csv
4.039874076843262,Baillements,1931745,Christophe-10634449.csv
2.4123766422271733,Baillements,1932998,Christophe-10634449.csv
6.256516933441162,Baillements,1973495,Christophe-10634449.csv
3.6198558807373047,Baillements,1975748,Christophe-10634449.csv
1.5232727527618408,C.Position,1994998,Christophe-10634449.csv
2.0623750686645512,C.Position,2005999,Christophe-10634449.csv
4.118966579437257,Baillements,2016745,Christophe-10634449.csv
3.6617956161499023,Baillements,2017251,Christophe-10634449.csv
1.4226031303405762,C.Position,2025998,Christophe-10634449.csv
0.5087254047393799,Clignement,2035748,Christophe-10634449.csv
3.1236143112182617,Baillements,2068247,Christophe-10634449.csv
1.2091739177703855,C.Position,2102497,Christophe-10634449.csv
1.471086502075195,C.Position,2119246,Christophe-10634449.csv
2.9501218795776367,C.Position,2119997,Christophe-10634449.csv
1.1023831367492676,C.Position,2141248,Christophe-10634449.csv
1.955629587173462,C.Position,2232748,Christophe-10634449.csv
5.309023380279541,C.Position,2244995,Christophe-10634449.csv
1.0912177562713623,Baillements,2286495,Christophe-10634449.csv
0.6721768379211426,Baillements,2411247,Christophe-10634449.csv
3.463998556137085,Baillements,2494495,Christophe-10634449.csv
2.486601114273072,Baillements,2495497,Christophe-10634449.csv
3.90349555015564,Baillements,2563745,Christophe-10634449.csv
3.2108523845672607,Baillements,2679746,Christophe-10634449.csv
1.0427176952362058,C.Position,2705497,Christophe-10634449.csv
3.5227274894714355,C.Position,2718745,Christophe-10634449.csv
1.52842116355896,C.Position,2718995,Christophe-10634449.csv
2.174532890319824,C.Position,2846249,Christophe-10634449.csv
2.303548812866211,Baillements,2887250,Christophe-10634449.csv
3.992252588272095,C.Position,2892248,Christophe-10634449.csv
2.4934890270233154,C.Position,2922747,Christophe-10634449.csv
0.9587283134460448,C.Position,3063248,Christophe-10634449.csv
2.251079797744751,C.Position,3096247,Christophe-10634449.csv
3.425055503845215,Baillements,3107247,Christophe-10634449.csv
3.1355419158935547,Baillements,3142995,Christophe-10634449.csv
1.2329680919647217,Clignement,3145746,Christophe-10634449.csv
4.20762300491333,Baillements,3410745,Christophe-10634449.csv
2.7069482803344727,Baillements,3411997,Christophe-10634449.csv
2.466762065887451,C.Position,3464749,Christophe-10634449.csv
3.6009886264801025,Baillements,3482249,Christophe-10634449.csv
0.919969081878662,C.Position,3511752,Christophe-10634449.csv
4.072623014450073,Baillements,3537495,Christophe-10634449.csv
0.3210480213165283,Clignement,3567747,Christophe-10634449.csv
4.7545127868652335,C.Position,3596249,Christophe-10634449.csv
2.437429428100586,Baillements,3620000,Christophe-10634449.csv
0.1592042446136474,Fin Experience,3666247,Christophe-10634449.csv
0.175654649734497,Fin Experience,3667746,Christophe-10634449.csv
0.1201987266540527,Debut conduite,6251,Christophe-10701066.csv
0.1568384170532226,Debut conduite,6536,Christophe-10701066.csv
2.9895803928375244,Baillements,104754,Christophe-10701066.csv
2.144465684890746,C.Position,327250,Christophe-10701066.csv
2.8559033870697017,C.Position,904500,Christophe-10701066.csv
1.13502836227417,C.Position,1229250,Christophe-10701066.csv
1.7356083393096924,C.Position,1252249,Christophe-10701066.csv
1.6404762268066406,C.Position,1478750,Christophe-10701066.csv
1.9248692989349363,C.Position,2278752,Christophe-10701066.csv
3.125248908996582,C.Position,2590003,Christophe-10701066.csv
2.5034754276275635,Baillements,2753500,Christophe-10701066.csv
0.9594926834106444,Clignement,2883001,Christophe-10701066.csv
2.957728147506714,C.Position,3123504,Christophe-10701066.csv
2.8401975631713867,Baillements,3488006,Christophe-10701066.csv
2.793188095092773,Baillements,3565753,Christophe-10701066.csv
2.336478471755981,Baillements,3566250,Christophe-10701066.csv
0.2564809322357178,Fin Experience,3703750,Christophe-10701066.csv
0.1021363735198974,Fin Experience,3710506,Christophe-10701066.csv
1.2401137351989746,Debut conduite,6747,Christophe-10727719.csv
0.1083116531372069,Debut conduite,7498,Christophe-10727719.csv
3.780956983566284,C.Position,1271714,Christophe-10727719.csv
1.2491676807403564,C.Position,1583722,Christophe-10727719.csv
3.516361951828003,Baillements,2030213,Christophe-10727719.csv
3.4398097991943364,Baillements,2030713,Christophe-10727719.csv
4.848504304885863,Baillements,2406963,Christophe-10727719.csv
3.7949924468994136,Baillements,2407966,Christophe-10727719.csv
2.9363460540771484,C.Position,2518463,Christophe-10727719.csv
1.0960841178894043,Clignement,2523963,Christophe-10727719.csv
2.183949708938598,C.Position,2690463,Christophe-10727719.csv
3.983087062835693,Baillements,2871213,Christophe-10727719.csv
5.3047235012054434,Baillements,3461463,Christophe-10727719.csv
3.2078590393066406,Baillements,3462967,Christophe-10727719.csv
0.0978224277496337,Fin Experience,3650467,Christophe-10727719.csv
0.3602983951568603,Fin Experience,3650713,Christophe-10727719.csv
1.0,Experience start,0,baptiste-11139809.csv
0.2651312351226806,Debut conduite,17214,baptiste-11139809.csv
0.0984361171722412,Debut conduite,17501,baptiste-11139809.csv
1.2609994411468506,Baillements,1214465,baptiste-11139809.csv
4.72005558013916,C.Position,1364964,baptiste-11139809.csv
4.462460279464722,C.Position,1749718,baptiste-11139809.csv
4.090827226638794,C.Position,2050465,baptiste-11139809.csv
1.8870890140533447,C.Position,2051112,baptiste-11139809.csv
2.2963128089904785,C.Position,2090965,baptiste-11139809.csv
3.5449626445770264,Baillements,2213964,baptiste-11139809.csv
2.5039286613464355,Baillements,2215112,baptiste-11139809.csv
1.6604690551757812,Baillements,2261964,baptiste-11139809.csv
4.898406267166138,C.Position,2309964,baptiste-11139809.csv
3.5605344772338867,Baillements,2404464,baptiste-11139809.csv
4.822177171707153,Baillements,3466973,baptiste-11139809.csv
1.1437420845031738,Baillements,3469862,baptiste-11139809.csv
1.0001962184906006,Fin Conduite,4117362,baptiste-11139809.csv
0.0925297737121582,Fin Experience,4128213,baptiste-11139809.csv
1.0,Experience start,0,Christophe-10698659.csv
0.6234872341156006,Debut conduite,9755,Christophe-10698659.csv
2.335724353790283,C.Position,2340750,Christophe-10698659.csv
4.865015029907227,Clignement,2853500,Christophe-10698659.csv
0.6014010906219482,Clignement,3657005,Christophe-10698659.csv
0.1284840106964111,Fin Experience,3713750,Christophe-10698659.csv
0.0499880313873291,Fin Experience,3719513,Christophe-10698659.csv
1.0,Experience start,0,baptiste-11097367.csv
0.1111617088317871,Debut conduite,11710,baptiste-11097367.csv
3.673532724380493,Baillements,2303462,baptiste-11097367.csv
1.1366615295410156,Clignement,2421961,baptiste-11097367.csv
0.2814555168151855,C.Position,2451214,baptiste-11097367.csv
4.5834481716156015,C.Position,2451461,baptiste-11097367.csv
2.4403300285339355,ActiviteM,2620461,baptiste-11097367.csv
1.84758734703064,ActiviteM,2632461,baptiste-11097367.csv
3.080706119537353,ActiviteM,2642461,baptiste-11097367.csv
8.789613723754883,Clignement,2658212,baptiste-11097367.csv
6.64853048324585,ActiviteM,2658711,baptiste-11097367.csv
5.560655117034912,ActiviteM,2675221,baptiste-11097367.csv
5.167953968048097,ActiviteM,2844460,baptiste-11097367.csv
0.1122434139251709,Fin Conduite,3617960,baptiste-11097367.csv
0.086510419845581,Fin Experience,3621713,baptiste-11097367.csv
1.0,Experience start,0,baptiste-10636549.csv
0.1061699390411377,Debut conduite,4248,baptiste-10636549.csv
2.368107557296753,C.Position,56998,baptiste-10636549.csv
1.7201900482177734,C.Position,63999,baptiste-10636549.csv
3.3836286067962646,C.Position,200749,baptiste-10636549.csv
1.4394700527191162,C.Position,274999,baptiste-10636549.csv
1.5592961311340332,C.Position,304499,baptiste-10636549.csv
1.3150532245635986,C.Position,1014003,baptiste-10636549.csv
0.6998155117034912,C.Position,1227250,baptiste-10636549.csv
1.9457080364227293,C.Position,2575501,baptiste-10636549.csv
2.335356950759888,C.Position,2940749,baptiste-10636549.csv
3.2397997379302983,Baillements,3117749,baptiste-10636549.csv
4.825599193572998,Baillements,3600500,baptiste-10636549.csv
0.1513354778289795,Fin Conduite,3654499,baptiste-10636549.csv
0.1158580780029296,Fin Experience,3665001,baptiste-10636549.csv
1.0,Experience start,0,baptiste-10517000.csv
0.1097645759582519,Debut conduite,32001,baptiste-10517000.csv
0.1840326786041259,Debut conduite,32267,baptiste-10517000.csv
2.837223529815674,C.Position,277501,baptiste-10517000.csv
2.3917880058288574,C.Position,277768,baptiste-10517000.csv
1.279151439666748,C.Position,767018,baptiste-10517000.csv
0.9832775592803956,Clignement,857501,baptiste-10517000.csv
1.2396247386932373,C.Position,874268,baptiste-10517000.csv
3.1910614967346187,C.Position,940268,baptiste-10517000.csv
1.7592616081237793,C.Position,1122267,baptiste-10517000.csv
3.743041753768921,C.Position,1353768,baptiste-10517000.csv
3.496027708053589,C.Position,1606268,baptiste-10517000.csv
3.495949506759644,C.Position,1723768,baptiste-10517000.csv
1.9070932865142824,Baillements,2220750,baptiste-10517000.csv
1.5193800926208496,Baillements,2221018,baptiste-10517000.csv
1.3063559532165527,Baillements,2221500,baptiste-10517000.csv
2.665761947631836,C.Position,2240750,baptiste-10517000.csv
2.7114498615264893,C.Position,2240768,baptiste-10517000.csv
2.2235546112060547,C.Position,2340518,baptiste-10517000.csv
0.9034667015075684,C.Position,2341253,baptiste-10517000.csv
1.3910281658172607,C.Position,3076268,baptiste-10517000.csv
2.4393985271453857,Baillements,3379285,baptiste-10517000.csv
1.526435136795044,Baillements,3379801,baptiste-10517000.csv
0.8971614837646484,Fin Conduite,3557052,baptiste-10517000.csv
0.7444703578948975,Fin Experience,3567060,baptiste-10517000.csv
1.0,Experience start,0,baptiste-10517003.csv
0.2080588340759277,Debut conduite,9717,baptiste-10517003.csv
0.1354207992553711,Debut conduite,10000,baptiste-10517003.csv
3.9157891273498535,Baillements,2489220,baptiste-10517003.csv
4.0421555042266855,Baillements,2718221,baptiste-10517003.csv
1.991478681564331,Baillements,2719217,baptiste-10517003.csv
3.508140087127685,Baillements,2796973,baptiste-10517003.csv
1.758699655532837,Baillements,2885720,baptiste-10517003.csv
4.823944330215454,Baillements,2946216,baptiste-10517003.csv
1.9848284721374512,Baillements,2948966,baptiste-10517003.csv
3.7915236949920654,Baillements,3298972,baptiste-10517003.csv
2.3273298740386963,Baillements,3299217,baptiste-10517003.csv
0.1751494407653808,Fin Conduite,3635717,baptiste-10517003.csv
0.0889551639556884,Fin Experience,3641973,baptiste-10517003.csv
1.0,Experience start,0,baptiste-10635585.csv
0.2080585956573486,Debut conduite,28000,baptiste-10635585.csv
1.186774969,C.Position,972503,baptiste-10635585.csv
1.669205666,C.Position,1640005,baptiste-10635585.csv
2.325932026,C.Position,2015752,baptiste-10635585.csv
2.355906963,C.Position,2571254,baptiste-10635585.csv
1.387146711,C.Position,2788003,baptiste-10635585.csv
0.79253006,C.Position,2834752,baptiste-10635585.csv
0.7747700209999999,C.Position,3004252,baptiste-10635585.csv
1.2718286514282229,C.Position,3005249,baptiste-10635585.csv
3.965471745,C.Position,3372504,baptiste-10635585.csv
3.220032215,C.Position,3628005,baptiste-10635585.csv
0.2308840751647949,Fin Conduite,3659250,baptiste-10635585.csv
0.12660718,Fin Experience,3673004,baptiste-10635585.csv
1.0,Experience start,0,baptiste-10640354.csv
0.1443219184875488,Debut conduite,58499,baptiste-10640354.csv
1.0,Debut conduite,60249,baptiste-10640354.csv
1.9635114669799805,Baillements,1081500,baptiste-10640354.csv
3.92728853225708,Baillements,1115749,baptiste-10640354.csv
0.5926246643066406,C.Position,1137249,baptiste-10640354.csv
2.519549608230591,Baillements,1480749,baptiste-10640354.csv
3.2473273277282715,Baillements,1480753,baptiste-10640354.csv
3.6847333908081055,Baillements,1518249,baptiste-10640354.csv
4.107202053070068,Baillements,1805252,baptiste-10640354.csv
3.0720250606536865,C.Position,1877749,baptiste-10640354.csv
1.406806707382202,C.Position,1900499,baptiste-10640354.csv
3.3875179290771484,Baillements,2920503,baptiste-10640354.csv
2.6907429695129395,Baillements,3120003,baptiste-10640354.csv
1.3392081260681152,Baillements,3174001,baptiste-10640354.csv
4.511028051376343,Baillements,3221253,baptiste-10640354.csv
4.577893495559692,Baillements,3287250,baptiste-10640354.csv
0.2242212295532226,Fin Conduite,3686749,baptiste-10640354.csv
0.1257715225219726,Fin Experience,3712001,baptiste-10640354.csv
1.0,Experience start,0,baptiste-11141962.csv
0.1192114353179931,Debut conduite,18742,baptiste-11141962.csv
0.2097439765930175,Debut conduite,20502,baptiste-11141962.csv
3.5072143077850337,C.Position,321493,baptiste-11141962.csv
3.684500217437744,C.Position,1007747,baptiste-11141962.csv
5.0346763134002686,C.Position,3574246,baptiste-11141962.csv
1.1832520961761477,Fin Conduite,3669993,baptiste-11141962.csv
0.1190733909606933,Fin Experience,3682247,baptiste-11141962.csv
1.0,Experience start,0,Zakaria-10646487.csv
0.1022045612335205,Debut conduite,21499,Zakaria-10646487.csv
0.1204836368560791,Debut conduite,22033,Zakaria-10646487.csv
0.2212214469909668,Fin Experience,3725788,Zakaria-10646487.csv
0.1803808212280273,Fin Experience,3726000,Zakaria-10646487.csv
0.1614987850189209,Debut conduite,1497,Christophe-105170009.csv
0.1271440982818603,Debut conduite,3242,Christophe-105170009.csv
2.5010428428649902,C.Position,155993,Christophe-105170009.csv
3.0919265747070312,C.Position,498242,Christophe-105170009.csv
2.792499303817749,C.Position,1161495,Christophe-105170009.csv
2.063051462173462,C.Position,1378992,Christophe-105170009.csv
3.6747779846191406,Clignement,1736999,Christophe-105170009.csv
3.1900038719177246,Clignement,1755246,Christophe-105170009.csv
3.442051649093628,ActiviteM,1793747,Christophe-105170009.csv
1.9512283802032468,ActiviteM,1795742,Christophe-105170009.csv
3.256988048553467,C.Position,1887166,Christophe-105170009.csv
3.860140323638916,ActiviteM,2244416,Christophe-105170009.csv
1.1222238540649414,Clignement,2294164,Christophe-105170009.csv
2.384796380996704,ActiviteM,2316492,Christophe-105170009.csv
2.1510970592498784,ActiviteM,2316915,Christophe-105170009.csv
1.513296604156494,Clignement,2341666,Christophe-105170009.csv
1.9261276721954343,Clignement,2349166,Christophe-105170009.csv
4.419100522994995,C.Position,2368916,Christophe-105170009.csv
2.5282413959503174,C.Position,2369742,Christophe-105170009.csv
3.530758142471313,ActiviteM,2444415,Christophe-105170009.csv
3.5040392875671387,ActiviteM,2453992,Christophe-105170009.csv
4.496505737304688,ActiviteM,2467993,Christophe-105170009.csv
3.756469488143921,ActiviteM,2469166,Christophe-105170009.csv
1.14451003074646,Clignement,2604163,Christophe-105170009.csv
4.223345518112184,ActiviteM,2613242,Christophe-105170009.csv
1.6240885257720947,ActiviteM,2619993,Christophe-105170009.csv
3.4034078121185303,ActiviteM,2626664,Christophe-105170009.csv
1.2881498336791992,ActiviteM,2626993,Christophe-105170009.csv
0.8168020248413086,ActiviteM,2629242,Christophe-105170009.csv
3.464783191680908,ActiviteM,2668662,Christophe-105170009.csv
2.54372239112854,ActiviteM,2669742,Christophe-105170009.csv
0.5995333194732666,ActiviteM,2693243,Christophe-105170009.csv
3.66861629486084,ActiviteM,2706912,Christophe-105170009.csv
2.0640082359313965,ActiviteM,2707992,Christophe-105170009.csv
2.3895726203918457,ActiviteM,2724669,Christophe-105170009.csv
2.2867307662963867,Clignement,2765915,Christophe-105170009.csv
3.4073789119720463,ActiviteM,2835416,Christophe-105170009.csv
2.105165958404541,Clignement,2861165,Christophe-105170009.csv
4.444096088409424,Clignement,2864415,Christophe-105170009.csv
1.0559377670288086,Clignement,2884494,Christophe-105170009.csv
10.492425441741943,Clignement,2887915,Christophe-105170009.csv
8.296123504638674,Endormi,2896242,Christophe-105170009.csv
7.693181037902832,Endormi,2896415,Christophe-105170009.csv
6.085251092910768,ActiviteM,2934915,Christophe-105170009.csv
4.613762617111206,ActiviteM,2935492,Christophe-105170009.csv
3.728034019470215,Clignement,2935743,Christophe-105170009.csv
2.5149927139282227,Clignement,2952914,Christophe-105170009.csv
3.9082999229431152,Endormi,2957166,Christophe-105170009.csv
4.0958218574523935,Endormi,2958742,Christophe-105170009.csv
6.811017990112305,Endormi,2978916,Christophe-105170009.csv
2.728113412857056,Endormi,2987992,Christophe-105170009.csv
4.745419979095459,Accident,2988167,Christophe-105170009.csv
2.0236570835113525,Accident,2989742,Christophe-105170009.csv
1.976889371871948,C.Position,2991992,Christophe-105170009.csv
3.6159238815307617,C.Position,3140166,Christophe-105170009.csv
3.3931200504302983,C.Position,3187914,Christophe-105170009.csv
4.026510238647462,C.Position,3328916,Christophe-105170009.csv
4.827534198760986,C.Position,3461417,Christophe-105170009.csv
3.648040533065796,C.Position,3461492,Christophe-105170009.csv
4.697890758514403,ActiviteM,3549666,Christophe-105170009.csv
1.7360262870788574,ActiviteM,3551742,Christophe-105170009.csv
3.517299175262451,Clignement,3613664,Christophe-105170009.csv
4.277877569198608,ActiviteM,3621916,Christophe-105170009.csv
2.574997901916504,ActiviteM,3638413,Christophe-105170009.csv
1.5271368026733398,Fin Experience,3686742,Christophe-105170009.csv
0.1685078144073486,Fin Experience,3688415,Christophe-105170009.csv
0.7517690658569336,Debut conduite,7001,Christophe-10636007.csv
0.1158275604248046,Debut conduite,9033,Christophe-10636007.csv
1.2714979648590088,C.Position,964000,Christophe-10636007.csv
2.498189210891724,C.Position,964503,Christophe-10636007.csv
1.2958698272705078,C.Position,1128251,Christophe-10636007.csv
7.038391828536987,C.Position,1478007,Christophe-10636007.csv
1.2559349536895752,C.Position,2050252,Christophe-10636007.csv
2.7035953998565674,C.Position,2445750,Christophe-10636007.csv
0.0750746726989746,Fin Experience,3605010,Christophe-10636007.csv
0.6557009220123291,Fin Experience,3607750,Christophe-10636007.csv
1.0,Experience start,0,Zakaria-10517002.csv
0.0955030918121337,Debut conduite,11201,Zakaria-10517002.csv
0.4193513393402099,Baillements,1144966,Zakaria-10517002.csv
0.2662637233734131,Baillements,1377216,Zakaria-10517002.csv
2.3856201171875,Baillements,1676216,Zakaria-10517002.csv
1.0272691249847412,Baillements,1848716,Zakaria-10517002.csv
1.8747522830963133,Baillements,2484716,Zakaria-10517002.csv
2.0326187610626216,Baillements,2839217,Zakaria-10517002.csv
2.3822264671325684,Baillements,2841716,Zakaria-10517002.csv
3.4489595890045166,C.Position,3226467,Zakaria-10517002.csv
3.0374765396118164,Baillements,3439216,Zakaria-10517002.csv
0.106696605682373,Fin Experience,3909966,Zakaria-10517002.csv
0.3268258571624756,Debut conduite,16007,Christophe-11098948.csv
1.7056901454925537,C.Position,122502,Christophe-11098948.csv
2.9123249053955083,C.Position,201500,Christophe-11098948.csv
0.8153555393218994,C.Position,210000,Christophe-11098948.csv
2.0563821792602544,Baillements,1025754,Christophe-11098948.csv
2.2440218925476074,C.Position,1402253,Christophe-11098948.csv
1.3527801036834717,C.Position,1516751,Christophe-11098948.csv
2.1493399143218994,C.Position,1594252,Christophe-11098948.csv
7.0557146072387695,Baillements,1675750,Christophe-11098948.csv
5.795434951782228,Baillements,1676750,Christophe-11098948.csv
4.7366371154785165,Baillements,1695251,Christophe-11098948.csv
1.7999088764190674,C.Position,1764003,Christophe-11098948.csv
4.111741304397583,C.Position,1766000,Christophe-11098948.csv
3.599985361099243,Baillements,1820253,Christophe-11098948.csv
3.098029851913452,Baillements,1893505,Christophe-11098948.csv
3.4563217163085938,Baillements,1938999,Christophe-11098948.csv
2.5819690227508545,Baillements,1939253,Christophe-11098948.csv
3.133764266967773,Baillements,2023251,Christophe-11098948.csv
2.36150860786438,C.Position,2229503,Christophe-11098948.csv
2.8732142448425293,C.Position,2251503,Christophe-11098948.csv
2.82177734375,Baillements,2309250,Christophe-11098948.csv
3.139859676361084,Baillements,2362505,Christophe-11098948.csv
1.2551419734954834,Baillements,2364753,Christophe-11098948.csv
1.2388026714324951,Clignement,2427503,Christophe-11098948.csv
3.4563212394714355,Baillements,2433250,Christophe-11098948.csv
2.1688992977142334,C.Position,2576505,Christophe-11098948.csv
1.829638957977295,C.Position,2715000,Christophe-11098948.csv
0.8853583335876465,C.Position,2829003,Christophe-11098948.csv
2.927586078643799,ActiviteM,2911000,Christophe-11098948.csv
1.3838236331939695,ActiviteM,2912751,Christophe-11098948.csv
4.373566389083861,Clignement,2913007,Christophe-11098948.csv
3.6878392696380615,Clignement,2914500,Christophe-11098948.csv
2.447697401046753,C.Position,2927750,Christophe-11098948.csv
1.7111160755157468,C.Position,2929003,Christophe-11098948.csv
3.160313129425049,C.Position,3016500,Christophe-11098948.csv
2.0559341907501216,C.Position,3066251,Christophe-11098948.csv
4.271718740463257,C.Position,3204500,Christophe-11098948.csv
3.0342099666595463,C.Position,3204755,Christophe-11098948.csv
2.39469838142395,C.Position,3257253,Christophe-11098948.csv
0.3233289718627929,Clignement,3384254,Christophe-11098948.csv
1.8991923332214355,Clignement,3421252,Christophe-11098948.csv
0.8118808269500732,Clignement,3428254,Christophe-11098948.csv
0.6321687698364258,Clignement,3520000,Christophe-11098948.csv
1.55849027633667,C.Position,3608254,Christophe-11098948.csv
0.4080440998077392,Fin Experience,3646000,Christophe-11098948.csv
0.1291890144348144,Fin Experience,3649754,Christophe-11098948.csv
1.0,Experience start,0,Zakaria-10659602.csv
2.7743113040924072,Baillements,1935966,Zakaria-10659602.csv
4.5795512199401855,Baillements,2066215,Zakaria-10659602.csv
1.9006569385528564,C.Position,2369215,Zakaria-10659602.csv
0.5484652519226074,C.Position,2467968,Zakaria-10659602.csv
0.4051418304443359,Grattezrottez,2569721,Zakaria-10659602.csv
3.2729527950286865,Baillements,2638965,Zakaria-10659602.csv
2.601541757583618,Baillements,2819965,Zakaria-10659602.csv
3.5426900386810303,Baillements,2819966,Zakaria-10659602.csv
0.5486443042755127,Grattezrottez,2853220,Zakaria-10659602.csv
1.315507888793945,C.Position,2918964,Zakaria-10659602.csv
0.759993314743042,C.Position,3139714,Zakaria-10659602.csv
3.4504666328430176,Baillements,3184465,Zakaria-10659602.csv
0.9627046585083008,Baillements,3187714,Zakaria-10659602.csv
0.4704902172088623,C.Position,3246475,Zakaria-10659602.csv
0.6995892524719238,Baillements,3291719,Zakaria-10659602.csv
0.4970786571502685,C.Position,3324715,Zakaria-10659602.csv
0.6079442501068115,Baillements,3380715,Zakaria-10659602.csv
0.3404545783996582,Grattezrottez,3417722,Zakaria-10659602.csv
1.937971115112305,C.Position,3458215,Zakaria-10659602.csv
0.1330823898315429,Fin Experience,3668715,Zakaria-10659602.csv
1.0,Experience start,0,Zakaria-11121708.csv
0.1286609172821045,Debut conduite,11472,Zakaria-11121708.csv
0.0780487060546875,Debut conduite,11970,Zakaria-11121708.csv
1.95833683013916,C.Position,51715,Zakaria-11121708.csv
5.0432446002960205,C.Position,457965,Zakaria-11121708.csv
0.5097894668579102,Grattezrottez,840469,Zakaria-11121708.csv
0.3085622787475586,Grattezrottez,983220,Zakaria-11121708.csv
0.7955331802368164,Grattezrottez,1159721,Zakaria-11121708.csv
1.603821039199829,Baillements,1962966,Zakaria-11121708.csv
1.89385199546814,Baillements,1963218,Zakaria-11121708.csv
3.089656352996826,Baillements,2108469,Zakaria-11121708.csv
2.8796825408935547,Baillements,2473968,Zakaria-11121708.csv
0.8612291812896729,Baillements,2474970,Zakaria-11121708.csv
3.4462153911590576,Baillements,2574465,Zakaria-11121708.csv
0.5911688804626465,Baillements,2576964,Zakaria-11121708.csv
3.002234697341919,C.Position,2799719,Zakaria-11121708.csv
0.9897613525390624,C.Position,2801214,Zakaria-11121708.csv
4.479114055633545,Baillements,2890968,Zakaria-11121708.csv
0.931647539138794,Baillements,2892969,Zakaria-11121708.csv
4.0954012870788565,Baillements,3221717,Zakaria-11121708.csv
0.7838516235351562,Baillements,3223219,Zakaria-11121708.csv
0.4608213901519775,Grattezrottez,3242718,Zakaria-11121708.csv
0.9572794437408448,Grattezrottez,3269472,Zakaria-11121708.csv
0.1004719734191894,Fin Experience,3626219,Zakaria-11121708.csv
